source_artifact,model_id,environment,decoder,label_mapping,decoder_value_gap
results/qwen2.5-0.5b-service-recovery.analysis.json,Qwen/Qwen2.5-0.5B-Instruct,service_recovery,greedy,A-B-C,-0.9211686855455636
results/qwen2.5-0.5b-service-recovery.analysis.json,Qwen/Qwen2.5-0.5B-Instruct,service_recovery,temperature_0.5,A-B-C,-0.5334359766586545
results/qwen2.5-0.5b-service-recovery.analysis.json,Qwen/Qwen2.5-0.5B-Instruct,service_recovery,temperature_1.5,A-B-C,0.193361389248876
results/qwen2.5-0.5b-service-recovery.analysis.json,Qwen/Qwen2.5-0.5B-Instruct,service_recovery,top_k_2,A-B-C,-0.3040641142869992
results/qwen2.5-0.5b-service-recovery.analysis.json,Qwen/Qwen2.5-0.5B-Instruct,service_recovery,top_p_0.6,A-B-C,-0.9211686855455636
results/qwen2.5-0.5b-service-recovery.analysis.json,Qwen/Qwen2.5-0.5B-Instruct,service_recovery,top_p_0.9,A-B-C,-0.020171178133453344
results/qwen2.5-0.5b-service-recovery.analysis.json,Qwen/Qwen2.5-0.5B-Instruct,service_recovery,min_p_0.1,A-B-C,0.0
results/qwen2.5-0.5b-service-recovery.analysis.json,Qwen/Qwen2.5-0.5B-Instruct,service_recovery,min_p_0.3,A-B-C,-0.3040641142869992
results/qwen2.5-0.5b-service-recovery.analysis.json,Qwen/Qwen2.5-0.5B-Instruct,service_recovery,temperature_0.5_then_top_p_0.8,A-B-C,-0.9211686855455636
results/qwen2.5-0.5b-service-recovery.analysis.json,Qwen/Qwen2.5-0.5B-Instruct,service_recovery,top_p_0.8_then_temperature_0.5,A-B-C,-0.6460496295860678
results/qwen2.5-0.5b-service-recovery.analysis.json,Qwen/Qwen2.5-0.5B-Instruct,service_recovery,greedy,A-C-B,-1.1130816018187892
results/qwen2.5-0.5b-service-recovery.analysis.json,Qwen/Qwen2.5-0.5B-Instruct,service_recovery,temperature_0.5,A-C-B,-0.27933281083665196
results/qwen2.5-0.5b-service-recovery.analysis.json,Qwen/Qwen2.5-0.5B-Instruct,service_recovery,temperature_1.5,A-C-B,0.08015918071792633
results/qwen2.5-0.5b-service-recovery.analysis.json,Qwen/Qwen2.5-0.5B-Instruct,service_recovery,top_k_2,A-C-B,-0.021737180004131385
results/qwen2.5-0.5b-service-recovery.analysis.json,Qwen/Qwen2.5-0.5B-Instruct,service_recovery,top_p_0.6,A-C-B,-0.9342059791144679
results/qwen2.5-0.5b-service-recovery.analysis.json,Qwen/Qwen2.5-0.5B-Instruct,service_recovery,top_p_0.9,A-C-B,-0.021737180004131385
results/qwen2.5-0.5b-service-recovery.analysis.json,Qwen/Qwen2.5-0.5B-Instruct,service_recovery,min_p_0.1,A-C-B,-0.01587639444950717
results/qwen2.5-0.5b-service-recovery.analysis.json,Qwen/Qwen2.5-0.5B-Instruct,service_recovery,min_p_0.3,A-C-B,-0.021737180004131385
results/qwen2.5-0.5b-service-recovery.analysis.json,Qwen/Qwen2.5-0.5B-Instruct,service_recovery,temperature_0.5_then_top_p_0.8,A-C-B,-0.5452706719424887
results/qwen2.5-0.5b-service-recovery.analysis.json,Qwen/Qwen2.5-0.5B-Instruct,service_recovery,top_p_0.8_then_temperature_0.5,A-C-B,-0.28421730362419084
results/qwen2.5-0.5b-service-recovery.analysis.json,Qwen/Qwen2.5-0.5B-Instruct,service_recovery,greedy,B-A-C,0.3073030744326659
results/qwen2.5-0.5b-service-recovery.analysis.json,Qwen/Qwen2.5-0.5B-Instruct,service_recovery,temperature_0.5,B-A-C,0.12831876515132834
results/qwen2.5-0.5b-service-recovery.analysis.json,Qwen/Qwen2.5-0.5B-Instruct,service_recovery,temperature_1.5,B-A-C,-0.0242329443404673
results/qwen2.5-0.5b-service-recovery.analysis.json,Qwen/Qwen2.5-0.5B-Instruct,service_recovery,top_k_2,B-A-C,-0.032293651801780565
results/qwen2.5-0.5b-service-recovery.analysis.json,Qwen/Qwen2.5-0.5B-Instruct,service_recovery,top_p_0.6,B-A-C,0.112993250277589
results/qwen2.5-0.5b-service-recovery.analysis.json,Qwen/Qwen2.5-0.5B-Instruct,service_recovery,top_p_0.9,B-A-C,-0.032293651801780565
results/qwen2.5-0.5b-service-recovery.analysis.json,Qwen/Qwen2.5-0.5B-Instruct,service_recovery,min_p_0.1,B-A-C,-0.0034048306031638775
results/qwen2.5-0.5b-service-recovery.analysis.json,Qwen/Qwen2.5-0.5B-Instruct,service_recovery,min_p_0.3,B-A-C,-0.032293651801780565
results/qwen2.5-0.5b-service-recovery.analysis.json,Qwen/Qwen2.5-0.5B-Instruct,service_recovery,temperature_0.5_then_top_p_0.8,B-A-C,0.12815228966453063
results/qwen2.5-0.5b-service-recovery.analysis.json,Qwen/Qwen2.5-0.5B-Instruct,service_recovery,top_p_0.8_then_temperature_0.5,B-A-C,0.12815228966453074
results/qwen2.5-0.5b-service-recovery.analysis.json,Qwen/Qwen2.5-0.5B-Instruct,service_recovery,greedy,B-C-A,-1.2243016420812927
results/qwen2.5-0.5b-service-recovery.analysis.json,Qwen/Qwen2.5-0.5B-Instruct,service_recovery,temperature_0.5,B-C-A,-0.1554014301935825
results/qwen2.5-0.5b-service-recovery.analysis.json,Qwen/Qwen2.5-0.5B-Instruct,service_recovery,temperature_1.5,B-C-A,0.04392769134513674
results/qwen2.5-0.5b-service-recovery.analysis.json,Qwen/Qwen2.5-0.5B-Instruct,service_recovery,top_k_2,B-C-A,-0.05294424299198247
results/qwen2.5-0.5b-service-recovery.analysis.json,Qwen/Qwen2.5-0.5B-Instruct,service_recovery,top_p_0.6,B-C-A,-0.05294424299198247
results/qwen2.5-0.5b-service-recovery.analysis.json,Qwen/Qwen2.5-0.5B-Instruct,service_recovery,top_p_0.9,B-C-A,0.0
results/qwen2.5-0.5b-service-recovery.analysis.json,Qwen/Qwen2.5-0.5B-Instruct,service_recovery,min_p_0.1,B-C-A,0.0
results/qwen2.5-0.5b-service-recovery.analysis.json,Qwen/Qwen2.5-0.5B-Instruct,service_recovery,min_p_0.3,B-C-A,-0.013214138832885136
results/qwen2.5-0.5b-service-recovery.analysis.json,Qwen/Qwen2.5-0.5B-Instruct,service_recovery,temperature_0.5_then_top_p_0.8,B-C-A,-0.18527983162491451
results/qwen2.5-0.5b-service-recovery.analysis.json,Qwen/Qwen2.5-0.5B-Instruct,service_recovery,top_p_0.8_then_temperature_0.5,B-C-A,-0.18527983162491457
results/qwen2.5-0.5b-service-recovery.analysis.json,Qwen/Qwen2.5-0.5B-Instruct,service_recovery,greedy,C-A-B,0.304139003945211
results/qwen2.5-0.5b-service-recovery.analysis.json,Qwen/Qwen2.5-0.5B-Instruct,service_recovery,temperature_0.5,C-A-B,0.12320290697742575
results/qwen2.5-0.5b-service-recovery.analysis.json,Qwen/Qwen2.5-0.5B-Instruct,service_recovery,temperature_1.5,C-A-B,-0.022713611743325424
results/qwen2.5-0.5b-service-recovery.analysis.json,Qwen/Qwen2.5-0.5B-Instruct,service_recovery,top_k_2,C-A-B,-0.036824499352808515
results/qwen2.5-0.5b-service-recovery.analysis.json,Qwen/Qwen2.5-0.5B-Instruct,service_recovery,top_p_0.6,C-A-B,0.052426578188461415
results/qwen2.5-0.5b-service-recovery.analysis.json,Qwen/Qwen2.5-0.5B-Instruct,service_recovery,top_p_0.9,C-A-B,-0.036824499352808515
results/qwen2.5-0.5b-service-recovery.analysis.json,Qwen/Qwen2.5-0.5B-Instruct,service_recovery,min_p_0.1,C-A-B,0.0
results/qwen2.5-0.5b-service-recovery.analysis.json,Qwen/Qwen2.5-0.5B-Instruct,service_recovery,min_p_0.3,C-A-B,-0.036824499352808515
results/qwen2.5-0.5b-service-recovery.analysis.json,Qwen/Qwen2.5-0.5B-Instruct,service_recovery,temperature_0.5_then_top_p_0.8,C-A-B,0.13890222447208578
results/qwen2.5-0.5b-service-recovery.analysis.json,Qwen/Qwen2.5-0.5B-Instruct,service_recovery,top_p_0.8_then_temperature_0.5,C-A-B,0.12279529560605085
results/qwen2.5-0.5b-service-recovery.analysis.json,Qwen/Qwen2.5-0.5B-Instruct,service_recovery,greedy,C-B-A,0.10434331361341953
results/qwen2.5-0.5b-service-recovery.analysis.json,Qwen/Qwen2.5-0.5B-Instruct,service_recovery,temperature_0.5,C-B-A,-0.0012206279211648408
results/qwen2.5-0.5b-service-recovery.analysis.json,Qwen/Qwen2.5-0.5B-Instruct,service_recovery,temperature_1.5,C-B-A,0.0014900868727127925
results/qwen2.5-0.5b-service-recovery.analysis.json,Qwen/Qwen2.5-0.5B-Instruct,service_recovery,top_k_2,C-B-A,-0.04717164359587733
results/qwen2.5-0.5b-service-recovery.analysis.json,Qwen/Qwen2.5-0.5B-Instruct,service_recovery,top_p_0.6,C-B-A,-0.04942320936398892
results/qwen2.5-0.5b-service-recovery.analysis.json,Qwen/Qwen2.5-0.5B-Instruct,service_recovery,top_p_0.9,C-B-A,0.0
results/qwen2.5-0.5b-service-recovery.analysis.json,Qwen/Qwen2.5-0.5B-Instruct,service_recovery,min_p_0.1,C-B-A,0.0
results/qwen2.5-0.5b-service-recovery.analysis.json,Qwen/Qwen2.5-0.5B-Instruct,service_recovery,min_p_0.3,C-B-A,0.0
results/qwen2.5-0.5b-service-recovery.analysis.json,Qwen/Qwen2.5-0.5B-Instruct,service_recovery,temperature_0.5_then_top_p_0.8,C-B-A,-0.002266303784878576
results/qwen2.5-0.5b-service-recovery.analysis.json,Qwen/Qwen2.5-0.5B-Instruct,service_recovery,top_p_0.8_then_temperature_0.5,C-B-A,-0.0012206279211648408
results/qwen2.5-1.5b-service-recovery.analysis.json,Qwen/Qwen2.5-1.5B-Instruct,service_recovery,greedy,A-B-C,-0.00473920472828171
results/qwen2.5-1.5b-service-recovery.analysis.json,Qwen/Qwen2.5-1.5B-Instruct,service_recovery,temperature_0.5,A-B-C,0.029831676165335996
results/qwen2.5-1.5b-service-recovery.analysis.json,Qwen/Qwen2.5-1.5B-Instruct,service_recovery,temperature_1.5,A-B-C,-0.024463151248985793
results/qwen2.5-1.5b-service-recovery.analysis.json,Qwen/Qwen2.5-1.5B-Instruct,service_recovery,top_k_2,A-B-C,0.06441523381774406
results/qwen2.5-1.5b-service-recovery.analysis.json,Qwen/Qwen2.5-1.5B-Instruct,service_recovery,top_p_0.6,A-B-C,-0.004693166265403392
results/qwen2.5-1.5b-service-recovery.analysis.json,Qwen/Qwen2.5-1.5B-Instruct,service_recovery,top_p_0.9,A-B-C,0.02011175562845935
results/qwen2.5-1.5b-service-recovery.analysis.json,Qwen/Qwen2.5-1.5B-Instruct,service_recovery,min_p_0.1,A-B-C,0.011612981578879689
results/qwen2.5-1.5b-service-recovery.analysis.json,Qwen/Qwen2.5-1.5B-Instruct,service_recovery,min_p_0.3,A-B-C,0.037570095059242914
results/qwen2.5-1.5b-service-recovery.analysis.json,Qwen/Qwen2.5-1.5B-Instruct,service_recovery,temperature_0.5_then_top_p_0.8,A-B-C,0.03884049679642254
results/qwen2.5-1.5b-service-recovery.analysis.json,Qwen/Qwen2.5-1.5B-Instruct,service_recovery,top_p_0.8_then_temperature_0.5,A-B-C,0.0401141055825619
results/qwen2.5-1.5b-service-recovery.analysis.json,Qwen/Qwen2.5-1.5B-Instruct,service_recovery,greedy,A-C-B,-0.5267655459956336
results/qwen2.5-1.5b-service-recovery.analysis.json,Qwen/Qwen2.5-1.5B-Instruct,service_recovery,temperature_0.5,A-C-B,-0.23923100550342247
results/qwen2.5-1.5b-service-recovery.analysis.json,Qwen/Qwen2.5-1.5B-Instruct,service_recovery,temperature_1.5,A-C-B,0.1110692785817669
results/qwen2.5-1.5b-service-recovery.analysis.json,Qwen/Qwen2.5-1.5B-Instruct,service_recovery,top_k_2,A-C-B,-0.009397623883993456
results/qwen2.5-1.5b-service-recovery.analysis.json,Qwen/Qwen2.5-1.5B-Instruct,service_recovery,top_p_0.6,A-C-B,-0.27319862999075345
results/qwen2.5-1.5b-service-recovery.analysis.json,Qwen/Qwen2.5-1.5B-Instruct,service_recovery,top_p_0.9,A-C-B,-0.02321633188924449
results/qwen2.5-1.5b-service-recovery.analysis.json,Qwen/Qwen2.5-1.5B-Instruct,service_recovery,min_p_0.1,A-C-B,-0.02321633188924449
results/qwen2.5-1.5b-service-recovery.analysis.json,Qwen/Qwen2.5-1.5B-Instruct,service_recovery,min_p_0.3,A-C-B,-0.23486241676054828
results/qwen2.5-1.5b-service-recovery.analysis.json,Qwen/Qwen2.5-1.5B-Instruct,service_recovery,temperature_0.5_then_top_p_0.8,A-C-B,-0.3373511123086983
results/qwen2.5-1.5b-service-recovery.analysis.json,Qwen/Qwen2.5-1.5B-Instruct,service_recovery,top_p_0.8_then_temperature_0.5,A-C-B,-0.2606385853735105
results/qwen2.5-1.5b-service-recovery.analysis.json,Qwen/Qwen2.5-1.5B-Instruct,service_recovery,greedy,B-A-C,-0.014321190159430341
results/qwen2.5-1.5b-service-recovery.analysis.json,Qwen/Qwen2.5-1.5B-Instruct,service_recovery,temperature_0.5,B-A-C,-0.013420202305960527
results/qwen2.5-1.5b-service-recovery.analysis.json,Qwen/Qwen2.5-1.5B-Instruct,service_recovery,temperature_1.5,B-A-C,0.022204025982818787
results/qwen2.5-1.5b-service-recovery.analysis.json,Qwen/Qwen2.5-1.5B-Instruct,service_recovery,top_k_2,B-A-C,-0.0017694530261315178
results/qwen2.5-1.5b-service-recovery.analysis.json,Qwen/Qwen2.5-1.5B-Instruct,service_recovery,top_p_0.6,B-A-C,-0.014321190159430341
results/qwen2.5-1.5b-service-recovery.analysis.json,Qwen/Qwen2.5-1.5B-Instruct,service_recovery,top_p_0.9,B-A-C,-0.014321190159430341
results/qwen2.5-1.5b-service-recovery.analysis.json,Qwen/Qwen2.5-1.5B-Instruct,service_recovery,min_p_0.1,B-A-C,-0.014321190159430341
results/qwen2.5-1.5b-service-recovery.analysis.json,Qwen/Qwen2.5-1.5B-Instruct,service_recovery,min_p_0.3,B-A-C,-0.014321190159430341
results/qwen2.5-1.5b-service-recovery.analysis.json,Qwen/Qwen2.5-1.5B-Instruct,service_recovery,temperature_0.5_then_top_p_0.8,B-A-C,-0.014321190159430341
results/qwen2.5-1.5b-service-recovery.analysis.json,Qwen/Qwen2.5-1.5B-Instruct,service_recovery,top_p_0.8_then_temperature_0.5,B-A-C,-0.014321190159430341
results/qwen2.5-1.5b-service-recovery.analysis.json,Qwen/Qwen2.5-1.5B-Instruct,service_recovery,greedy,B-C-A,-0.008469926402302375
results/qwen2.5-1.5b-service-recovery.analysis.json,Qwen/Qwen2.5-1.5B-Instruct,service_recovery,temperature_0.5,B-C-A,0.0009924734962274417
results/qwen2.5-1.5b-service-recovery.analysis.json,Qwen/Qwen2.5-1.5B-Instruct,service_recovery,temperature_1.5,B-C-A,-0.0012989967295437
results/qwen2.5-1.5b-service-recovery.analysis.json,Qwen/Qwen2.5-1.5B-Instruct,service_recovery,top_k_2,B-C-A,-0.009751185222641623
results/qwen2.5-1.5b-service-recovery.analysis.json,Qwen/Qwen2.5-1.5B-Instruct,service_recovery,top_p_0.6,B-C-A,-0.002516651153517735
results/qwen2.5-1.5b-service-recovery.analysis.json,Qwen/Qwen2.5-1.5B-Instruct,service_recovery,top_p_0.9,B-C-A,-0.008082191275429418
results/qwen2.5-1.5b-service-recovery.analysis.json,Qwen/Qwen2.5-1.5B-Instruct,service_recovery,min_p_0.1,B-C-A,-0.00024806125366116927
results/qwen2.5-1.5b-service-recovery.analysis.json,Qwen/Qwen2.5-1.5B-Instruct,service_recovery,min_p_0.3,B-C-A,-0.016371707700692517
results/qwen2.5-1.5b-service-recovery.analysis.json,Qwen/Qwen2.5-1.5B-Instruct,service_recovery,temperature_0.5_then_top_p_0.8,B-C-A,0.004990680624329946
results/qwen2.5-1.5b-service-recovery.analysis.json,Qwen/Qwen2.5-1.5B-Instruct,service_recovery,top_p_0.8_then_temperature_0.5,B-C-A,-0.0029337833492939502
results/qwen2.5-1.5b-service-recovery.analysis.json,Qwen/Qwen2.5-1.5B-Instruct,service_recovery,greedy,C-A-B,-0.08451455677832287
results/qwen2.5-1.5b-service-recovery.analysis.json,Qwen/Qwen2.5-1.5B-Instruct,service_recovery,temperature_0.5,C-A-B,-0.033947742537392855
results/qwen2.5-1.5b-service-recovery.analysis.json,Qwen/Qwen2.5-1.5B-Instruct,service_recovery,temperature_1.5,C-A-B,0.020064671879063356
results/qwen2.5-1.5b-service-recovery.analysis.json,Qwen/Qwen2.5-1.5B-Instruct,service_recovery,top_k_2,C-A-B,-0.010518453056673427
results/qwen2.5-1.5b-service-recovery.analysis.json,Qwen/Qwen2.5-1.5B-Instruct,service_recovery,top_p_0.6,C-A-B,-0.036850047342557035
results/qwen2.5-1.5b-service-recovery.analysis.json,Qwen/Qwen2.5-1.5B-Instruct,service_recovery,top_p_0.9,C-A-B,-0.0103671358548717
results/qwen2.5-1.5b-service-recovery.analysis.json,Qwen/Qwen2.5-1.5B-Instruct,service_recovery,min_p_0.1,C-A-B,-0.01019714613947531
results/qwen2.5-1.5b-service-recovery.analysis.json,Qwen/Qwen2.5-1.5B-Instruct,service_recovery,min_p_0.3,C-A-B,-0.008537567544785407
results/qwen2.5-1.5b-service-recovery.analysis.json,Qwen/Qwen2.5-1.5B-Instruct,service_recovery,temperature_0.5_then_top_p_0.8,C-A-B,-0.05056070233036092
results/qwen2.5-1.5b-service-recovery.analysis.json,Qwen/Qwen2.5-1.5B-Instruct,service_recovery,top_p_0.8_then_temperature_0.5,C-A-B,-0.03458607281226367
results/qwen2.5-1.5b-service-recovery.analysis.json,Qwen/Qwen2.5-1.5B-Instruct,service_recovery,greedy,C-B-A,-0.11037207237895197
results/qwen2.5-1.5b-service-recovery.analysis.json,Qwen/Qwen2.5-1.5B-Instruct,service_recovery,temperature_0.5,C-B-A,-0.03390613436486911
results/qwen2.5-1.5b-service-recovery.analysis.json,Qwen/Qwen2.5-1.5B-Instruct,service_recovery,temperature_1.5,C-B-A,0.019117956525139923
results/qwen2.5-1.5b-service-recovery.analysis.json,Qwen/Qwen2.5-1.5B-Instruct,service_recovery,top_k_2,C-B-A,-0.019376591251042963
results/qwen2.5-1.5b-service-recovery.analysis.json,Qwen/Qwen2.5-1.5B-Instruct,service_recovery,top_p_0.6,C-B-A,-0.02170058747497894
results/qwen2.5-1.5b-service-recovery.analysis.json,Qwen/Qwen2.5-1.5B-Instruct,service_recovery,top_p_0.9,C-B-A,-0.0040153835578257135
results/qwen2.5-1.5b-service-recovery.analysis.json,Qwen/Qwen2.5-1.5B-Instruct,service_recovery,min_p_0.1,C-B-A,-0.0016123021977679786
results/qwen2.5-1.5b-service-recovery.analysis.json,Qwen/Qwen2.5-1.5B-Instruct,service_recovery,min_p_0.3,C-B-A,-0.02170058747497894
results/qwen2.5-1.5b-service-recovery.analysis.json,Qwen/Qwen2.5-1.5B-Instruct,service_recovery,temperature_0.5_then_top_p_0.8,C-B-A,-0.03793777046877733
results/qwen2.5-1.5b-service-recovery.analysis.json,Qwen/Qwen2.5-1.5B-Instruct,service_recovery,top_p_0.8_then_temperature_0.5,C-B-A,-0.03837726550556875
results/qwen2.5-0.5b-queue-control.analysis.json,Qwen/Qwen2.5-0.5B-Instruct,queue_control,greedy,A-B-C,0.1754245068119284
results/qwen2.5-0.5b-queue-control.analysis.json,Qwen/Qwen2.5-0.5B-Instruct,queue_control,temperature_0.5,A-B-C,0.12752438532208854
results/qwen2.5-0.5b-queue-control.analysis.json,Qwen/Qwen2.5-0.5B-Instruct,queue_control,temperature_1.5,A-B-C,-0.06549008459717065
results/qwen2.5-0.5b-queue-control.analysis.json,Qwen/Qwen2.5-0.5B-Instruct,queue_control,top_k_2,A-B-C,-0.007927427757900896
results/qwen2.5-0.5b-queue-control.analysis.json,Qwen/Qwen2.5-0.5B-Instruct,queue_control,top_p_0.6,A-B-C,0.1754245068119284
results/qwen2.5-0.5b-queue-control.analysis.json,Qwen/Qwen2.5-0.5B-Instruct,queue_control,top_p_0.9,A-B-C,-0.0038997035839758998
results/qwen2.5-0.5b-queue-control.analysis.json,Qwen/Qwen2.5-0.5B-Instruct,queue_control,min_p_0.1,A-B-C,0.0
results/qwen2.5-0.5b-queue-control.analysis.json,Qwen/Qwen2.5-0.5B-Instruct,queue_control,min_p_0.3,A-B-C,0.1754245068119284
results/qwen2.5-0.5b-queue-control.analysis.json,Qwen/Qwen2.5-0.5B-Instruct,queue_control,temperature_0.5_then_top_p_0.8,A-B-C,0.1754245068119284
results/qwen2.5-0.5b-queue-control.analysis.json,Qwen/Qwen2.5-0.5B-Instruct,queue_control,top_p_0.8_then_temperature_0.5,A-B-C,0.13113819426758194
results/qwen2.5-0.5b-queue-control.analysis.json,Qwen/Qwen2.5-0.5B-Instruct,queue_control,greedy,A-C-B,-0.04873051250183519
results/qwen2.5-0.5b-queue-control.analysis.json,Qwen/Qwen2.5-0.5B-Instruct,queue_control,temperature_0.5,A-C-B,-0.0340462304981298
results/qwen2.5-0.5b-queue-control.analysis.json,Qwen/Qwen2.5-0.5B-Instruct,queue_control,temperature_1.5,A-C-B,0.006613296922350548
results/qwen2.5-0.5b-queue-control.analysis.json,Qwen/Qwen2.5-0.5B-Instruct,queue_control,top_k_2,A-C-B,0.011389246044711726
results/qwen2.5-0.5b-queue-control.analysis.json,Qwen/Qwen2.5-0.5B-Instruct,queue_control,top_p_0.6,A-C-B,-0.04873051250183519
results/qwen2.5-0.5b-queue-control.analysis.json,Qwen/Qwen2.5-0.5B-Instruct,queue_control,top_p_0.9,A-C-B,0.011389246044711726
results/qwen2.5-0.5b-queue-control.analysis.json,Qwen/Qwen2.5-0.5B-Instruct,queue_control,min_p_0.1,A-C-B,-0.0007778395907839519
results/qwen2.5-0.5b-queue-control.analysis.json,Qwen/Qwen2.5-0.5B-Instruct,queue_control,min_p_0.3,A-C-B,-0.04873051250183519
results/qwen2.5-0.5b-queue-control.analysis.json,Qwen/Qwen2.5-0.5B-Instruct,queue_control,temperature_0.5_then_top_p_0.8,A-C-B,-0.04873051250183519
results/qwen2.5-0.5b-queue-control.analysis.json,Qwen/Qwen2.5-0.5B-Instruct,queue_control,top_p_0.8_then_temperature_0.5,A-C-B,-0.034485626959539245
results/qwen2.5-0.5b-queue-control.analysis.json,Qwen/Qwen2.5-0.5B-Instruct,queue_control,greedy,B-A-C,0.25410334072170676
results/qwen2.5-0.5b-queue-control.analysis.json,Qwen/Qwen2.5-0.5B-Instruct,queue_control,temperature_0.5,B-A-C,0.11336396452201858
results/qwen2.5-0.5b-queue-control.analysis.json,Qwen/Qwen2.5-0.5B-Instruct,queue_control,temperature_1.5,B-A-C,-0.03885471436832158
results/qwen2.5-0.5b-queue-control.analysis.json,Qwen/Qwen2.5-0.5B-Instruct,queue_control,top_k_2,B-A-C,-0.038953962793248365
results/qwen2.5-0.5b-queue-control.analysis.json,Qwen/Qwen2.5-0.5B-Instruct,queue_control,top_p_0.6,B-A-C,0.1173978628990204
results/qwen2.5-0.5b-queue-control.analysis.json,Qwen/Qwen2.5-0.5B-Instruct,queue_control,top_p_0.9,B-A-C,0.0
results/qwen2.5-0.5b-queue-control.analysis.json,Qwen/Qwen2.5-0.5B-Instruct,queue_control,min_p_0.1,B-A-C,0.0
results/qwen2.5-0.5b-queue-control.analysis.json,Qwen/Qwen2.5-0.5B-Instruct,queue_control,min_p_0.3,B-A-C,-0.0292068741508896
results/qwen2.5-0.5b-queue-control.analysis.json,Qwen/Qwen2.5-0.5B-Instruct,queue_control,temperature_0.5_then_top_p_0.8,B-A-C,0.20154337397752092
results/qwen2.5-0.5b-queue-control.analysis.json,Qwen/Qwen2.5-0.5B-Instruct,queue_control,top_p_0.8_then_temperature_0.5,B-A-C,0.11488447473545402
results/qwen2.5-0.5b-queue-control.analysis.json,Qwen/Qwen2.5-0.5B-Instruct,queue_control,greedy,B-C-A,0.31303798867220367
results/qwen2.5-0.5b-queue-control.analysis.json,Qwen/Qwen2.5-0.5B-Instruct,queue_control,temperature_0.5,B-C-A,0.028495340990560808
results/qwen2.5-0.5b-queue-control.analysis.json,Qwen/Qwen2.5-0.5B-Instruct,queue_control,temperature_1.5,B-C-A,-0.0097741171224347
results/qwen2.5-0.5b-queue-control.analysis.json,Qwen/Qwen2.5-0.5B-Instruct,queue_control,top_k_2,B-C-A,0.14428130245689766
results/qwen2.5-0.5b-queue-control.analysis.json,Qwen/Qwen2.5-0.5B-Instruct,queue_control,top_p_0.6,B-C-A,0.18029508027727426
results/qwen2.5-0.5b-queue-control.analysis.json,Qwen/Qwen2.5-0.5B-Instruct,queue_control,top_p_0.9,B-C-A,0.0
results/qwen2.5-0.5b-queue-control.analysis.json,Qwen/Qwen2.5-0.5B-Instruct,queue_control,min_p_0.1,B-C-A,0.0
results/qwen2.5-0.5b-queue-control.analysis.json,Qwen/Qwen2.5-0.5B-Instruct,queue_control,min_p_0.3,B-C-A,0.0
results/qwen2.5-0.5b-queue-control.analysis.json,Qwen/Qwen2.5-0.5B-Instruct,queue_control,temperature_0.5_then_top_p_0.8,B-C-A,0.028495340990560808
results/qwen2.5-0.5b-queue-control.analysis.json,Qwen/Qwen2.5-0.5B-Instruct,queue_control,top_p_0.8_then_temperature_0.5,B-C-A,0.028495340990560808
results/qwen2.5-0.5b-queue-control.analysis.json,Qwen/Qwen2.5-0.5B-Instruct,queue_control,greedy,C-A-B,0.1006046304036869
results/qwen2.5-0.5b-queue-control.analysis.json,Qwen/Qwen2.5-0.5B-Instruct,queue_control,temperature_0.5,C-A-B,0.06315280096899742
results/qwen2.5-0.5b-queue-control.analysis.json,Qwen/Qwen2.5-0.5B-Instruct,queue_control,temperature_1.5,C-A-B,-0.04648412743459693
results/qwen2.5-0.5b-queue-control.analysis.json,Qwen/Qwen2.5-0.5B-Instruct,queue_control,top_k_2,C-A-B,0.01539752534429286
results/qwen2.5-0.5b-queue-control.analysis.json,Qwen/Qwen2.5-0.5B-Instruct,queue_control,top_p_0.6,C-A-B,0.1006046304036869
results/qwen2.5-0.5b-queue-control.analysis.json,Qwen/Qwen2.5-0.5B-Instruct,queue_control,top_p_0.9,C-A-B,0.01539752534429286
results/qwen2.5-0.5b-queue-control.analysis.json,Qwen/Qwen2.5-0.5B-Instruct,queue_control,min_p_0.1,C-A-B,0.01539752534429286
results/qwen2.5-0.5b-queue-control.analysis.json,Qwen/Qwen2.5-0.5B-Instruct,queue_control,min_p_0.3,C-A-B,0.01539752534429286
results/qwen2.5-0.5b-queue-control.analysis.json,Qwen/Qwen2.5-0.5B-Instruct,queue_control,temperature_0.5_then_top_p_0.8,C-A-B,0.1006046304036869
results/qwen2.5-0.5b-queue-control.analysis.json,Qwen/Qwen2.5-0.5B-Instruct,queue_control,top_p_0.8_then_temperature_0.5,C-A-B,0.06394126498339622
results/qwen2.5-0.5b-queue-control.analysis.json,Qwen/Qwen2.5-0.5B-Instruct,queue_control,greedy,C-B-A,0.12417944785796106
results/qwen2.5-0.5b-queue-control.analysis.json,Qwen/Qwen2.5-0.5B-Instruct,queue_control,temperature_0.5,C-B-A,0.029734504927531644
results/qwen2.5-0.5b-queue-control.analysis.json,Qwen/Qwen2.5-0.5B-Instruct,queue_control,temperature_1.5,C-B-A,-0.026621127492603883
results/qwen2.5-0.5b-queue-control.analysis.json,Qwen/Qwen2.5-0.5B-Instruct,queue_control,top_k_2,C-B-A,0.015012912345716348
results/qwen2.5-0.5b-queue-control.analysis.json,Qwen/Qwen2.5-0.5B-Instruct,queue_control,top_p_0.6,C-B-A,0.015012912345716348
results/qwen2.5-0.5b-queue-control.analysis.json,Qwen/Qwen2.5-0.5B-Instruct,queue_control,top_p_0.9,C-B-A,0.015012912345716348
results/qwen2.5-0.5b-queue-control.analysis.json,Qwen/Qwen2.5-0.5B-Instruct,queue_control,min_p_0.1,C-B-A,0.015012912345716348
results/qwen2.5-0.5b-queue-control.analysis.json,Qwen/Qwen2.5-0.5B-Instruct,queue_control,min_p_0.3,C-B-A,0.015012912345716348
results/qwen2.5-0.5b-queue-control.analysis.json,Qwen/Qwen2.5-0.5B-Instruct,queue_control,temperature_0.5_then_top_p_0.8,C-B-A,0.03079982927240974
results/qwen2.5-0.5b-queue-control.analysis.json,Qwen/Qwen2.5-0.5B-Instruct,queue_control,top_p_0.8_then_temperature_0.5,C-B-A,0.030799829272409734
results/qwen2.5-1.5b-queue-control.analysis.json,Qwen/Qwen2.5-1.5B-Instruct,queue_control,greedy,A-B-C,0.23583053178355734
results/qwen2.5-1.5b-queue-control.analysis.json,Qwen/Qwen2.5-1.5B-Instruct,queue_control,temperature_0.5,A-B-C,0.11436766353833529
results/qwen2.5-1.5b-queue-control.analysis.json,Qwen/Qwen2.5-1.5B-Instruct,queue_control,temperature_1.5,A-B-C,-0.04327928889817567
results/qwen2.5-1.5b-queue-control.analysis.json,Qwen/Qwen2.5-1.5B-Instruct,queue_control,top_k_2,A-B-C,0.0405940011625773
results/qwen2.5-1.5b-queue-control.analysis.json,Qwen/Qwen2.5-1.5B-Instruct,queue_control,top_p_0.6,A-B-C,0.10465252881277802
results/qwen2.5-1.5b-queue-control.analysis.json,Qwen/Qwen2.5-1.5B-Instruct,queue_control,top_p_0.9,A-B-C,-0.0016238710268227652
results/qwen2.5-1.5b-queue-control.analysis.json,Qwen/Qwen2.5-1.5B-Instruct,queue_control,min_p_0.1,A-B-C,0.000699959806298861
results/qwen2.5-1.5b-queue-control.analysis.json,Qwen/Qwen2.5-1.5B-Instruct,queue_control,min_p_0.3,A-B-C,0.06510401720147015
results/qwen2.5-1.5b-queue-control.analysis.json,Qwen/Qwen2.5-1.5B-Instruct,queue_control,temperature_0.5_then_top_p_0.8,A-B-C,0.18250300300527822
results/qwen2.5-1.5b-queue-control.analysis.json,Qwen/Qwen2.5-1.5B-Instruct,queue_control,top_p_0.8_then_temperature_0.5,A-B-C,0.12459981652914041
results/qwen2.5-1.5b-queue-control.analysis.json,Qwen/Qwen2.5-1.5B-Instruct,queue_control,greedy,A-C-B,0.11157435943462962
results/qwen2.5-1.5b-queue-control.analysis.json,Qwen/Qwen2.5-1.5B-Instruct,queue_control,temperature_0.5,A-C-B,-0.00563985464731892
results/qwen2.5-1.5b-queue-control.analysis.json,Qwen/Qwen2.5-1.5B-Instruct,queue_control,temperature_1.5,A-C-B,0.005122930054841435
results/qwen2.5-1.5b-queue-control.analysis.json,Qwen/Qwen2.5-1.5B-Instruct,queue_control,top_k_2,A-C-B,-0.07634646757219538
results/qwen2.5-1.5b-queue-control.analysis.json,Qwen/Qwen2.5-1.5B-Instruct,queue_control,top_p_0.6,A-C-B,-0.07634646757219538
results/qwen2.5-1.5b-queue-control.analysis.json,Qwen/Qwen2.5-1.5B-Instruct,queue_control,top_p_0.9,A-C-B,0.0
results/qwen2.5-1.5b-queue-control.analysis.json,Qwen/Qwen2.5-1.5B-Instruct,queue_control,min_p_0.1,A-C-B,0.0
results/qwen2.5-1.5b-queue-control.analysis.json,Qwen/Qwen2.5-1.5B-Instruct,queue_control,min_p_0.3,A-C-B,-9.152099573050965e-05
results/qwen2.5-1.5b-queue-control.analysis.json,Qwen/Qwen2.5-1.5B-Instruct,queue_control,temperature_0.5_then_top_p_0.8,A-C-B,-0.040444614468384876
results/qwen2.5-1.5b-queue-control.analysis.json,Qwen/Qwen2.5-1.5B-Instruct,queue_control,top_p_0.8_then_temperature_0.5,A-C-B,-0.012395132848244339
results/qwen2.5-1.5b-queue-control.analysis.json,Qwen/Qwen2.5-1.5B-Instruct,queue_control,greedy,B-A-C,-0.30474465827252734
results/qwen2.5-1.5b-queue-control.analysis.json,Qwen/Qwen2.5-1.5B-Instruct,queue_control,temperature_0.5,B-A-C,-0.08274696794289377
results/qwen2.5-1.5b-queue-control.analysis.json,Qwen/Qwen2.5-1.5B-Instruct,queue_control,temperature_1.5,B-A-C,0.041890415930530056
results/qwen2.5-1.5b-queue-control.analysis.json,Qwen/Qwen2.5-1.5B-Instruct,queue_control,top_k_2,B-A-C,-0.01870707284554013
results/qwen2.5-1.5b-queue-control.analysis.json,Qwen/Qwen2.5-1.5B-Instruct,queue_control,top_p_0.6,B-A-C,-0.10471620259426845
results/qwen2.5-1.5b-queue-control.analysis.json,Qwen/Qwen2.5-1.5B-Instruct,queue_control,top_p_0.9,B-A-C,-0.01870707284554013
results/qwen2.5-1.5b-queue-control.analysis.json,Qwen/Qwen2.5-1.5B-Instruct,queue_control,min_p_0.1,B-A-C,-0.01442332192953355
results/qwen2.5-1.5b-queue-control.analysis.json,Qwen/Qwen2.5-1.5B-Instruct,queue_control,min_p_0.3,B-A-C,-0.017756706274468126
results/qwen2.5-1.5b-queue-control.analysis.json,Qwen/Qwen2.5-1.5B-Instruct,queue_control,temperature_0.5_then_top_p_0.8,B-A-C,-0.09095411985819585
results/qwen2.5-1.5b-queue-control.analysis.json,Qwen/Qwen2.5-1.5B-Instruct,queue_control,top_p_0.8_then_temperature_0.5,B-A-C,-0.08482865349980945
results/qwen2.5-1.5b-queue-control.analysis.json,Qwen/Qwen2.5-1.5B-Instruct,queue_control,greedy,B-C-A,-0.3719246587033924
results/qwen2.5-1.5b-queue-control.analysis.json,Qwen/Qwen2.5-1.5B-Instruct,queue_control,temperature_0.5,B-C-A,-0.11785024245995773
results/qwen2.5-1.5b-queue-control.analysis.json,Qwen/Qwen2.5-1.5B-Instruct,queue_control,temperature_1.5,B-C-A,0.03874209182611066
results/qwen2.5-1.5b-queue-control.analysis.json,Qwen/Qwen2.5-1.5B-Instruct,queue_control,top_k_2,B-C-A,-0.0891614736942633
results/qwen2.5-1.5b-queue-control.analysis.json,Qwen/Qwen2.5-1.5B-Instruct,queue_control,top_p_0.6,B-C-A,-0.1112646680990928
results/qwen2.5-1.5b-queue-control.analysis.json,Qwen/Qwen2.5-1.5B-Instruct,queue_control,top_p_0.9,B-C-A,0.0
results/qwen2.5-1.5b-queue-control.analysis.json,Qwen/Qwen2.5-1.5B-Instruct,queue_control,min_p_0.1,B-C-A,0.0
results/qwen2.5-1.5b-queue-control.analysis.json,Qwen/Qwen2.5-1.5B-Instruct,queue_control,min_p_0.3,B-C-A,0.0007600736652344509
results/qwen2.5-1.5b-queue-control.analysis.json,Qwen/Qwen2.5-1.5B-Instruct,queue_control,temperature_0.5_then_top_p_0.8,B-C-A,-0.207046497567417
results/qwen2.5-1.5b-queue-control.analysis.json,Qwen/Qwen2.5-1.5B-Instruct,queue_control,top_p_0.8_then_temperature_0.5,B-C-A,-0.13611863852257122
results/qwen2.5-1.5b-queue-control.analysis.json,Qwen/Qwen2.5-1.5B-Instruct,queue_control,greedy,C-A-B,0.0760449311484711
results/qwen2.5-1.5b-queue-control.analysis.json,Qwen/Qwen2.5-1.5B-Instruct,queue_control,temperature_0.5,C-A-B,-0.0033712559732300695
results/qwen2.5-1.5b-queue-control.analysis.json,Qwen/Qwen2.5-1.5B-Instruct,queue_control,temperature_1.5,C-A-B,0.0065921498750297625
results/qwen2.5-1.5b-queue-control.analysis.json,Qwen/Qwen2.5-1.5B-Instruct,queue_control,top_k_2,C-A-B,-0.04474226599632092
results/qwen2.5-1.5b-queue-control.analysis.json,Qwen/Qwen2.5-1.5B-Instruct,queue_control,top_p_0.6,C-A-B,-0.04474226599632092
results/qwen2.5-1.5b-queue-control.analysis.json,Qwen/Qwen2.5-1.5B-Instruct,queue_control,top_p_0.9,C-A-B,-6.516971735137655e-05
results/qwen2.5-1.5b-queue-control.analysis.json,Qwen/Qwen2.5-1.5B-Instruct,queue_control,min_p_0.1,C-A-B,0.0
results/qwen2.5-1.5b-queue-control.analysis.json,Qwen/Qwen2.5-1.5B-Instruct,queue_control,min_p_0.3,C-A-B,-0.034023976577837456
results/qwen2.5-1.5b-queue-control.analysis.json,Qwen/Qwen2.5-1.5B-Instruct,queue_control,temperature_0.5_then_top_p_0.8,C-A-B,-0.018086239907528223
results/qwen2.5-1.5b-queue-control.analysis.json,Qwen/Qwen2.5-1.5B-Instruct,queue_control,top_p_0.8_then_temperature_0.5,C-A-B,-0.017221214136960206
results/qwen2.5-1.5b-queue-control.analysis.json,Qwen/Qwen2.5-1.5B-Instruct,queue_control,greedy,C-B-A,0.18958763414180707
results/qwen2.5-1.5b-queue-control.analysis.json,Qwen/Qwen2.5-1.5B-Instruct,queue_control,temperature_0.5,C-B-A,0.05800828123793367
results/qwen2.5-1.5b-queue-control.analysis.json,Qwen/Qwen2.5-1.5B-Instruct,queue_control,temperature_1.5,C-B-A,-0.024156786821510484
results/qwen2.5-1.5b-queue-control.analysis.json,Qwen/Qwen2.5-1.5B-Instruct,queue_control,top_k_2,C-B-A,0.1344433469270481
results/qwen2.5-1.5b-queue-control.analysis.json,Qwen/Qwen2.5-1.5B-Instruct,queue_control,top_p_0.6,C-B-A,0.1344433469270481
results/qwen2.5-1.5b-queue-control.analysis.json,Qwen/Qwen2.5-1.5B-Instruct,queue_control,top_p_0.9,C-B-A,0.0
results/qwen2.5-1.5b-queue-control.analysis.json,Qwen/Qwen2.5-1.5B-Instruct,queue_control,min_p_0.1,C-B-A,0.0
results/qwen2.5-1.5b-queue-control.analysis.json,Qwen/Qwen2.5-1.5B-Instruct,queue_control,min_p_0.3,C-B-A,0.007175432607503529
results/qwen2.5-1.5b-queue-control.analysis.json,Qwen/Qwen2.5-1.5B-Instruct,queue_control,temperature_0.5_then_top_p_0.8,C-B-A,0.07947350785700129
results/qwen2.5-1.5b-queue-control.analysis.json,Qwen/Qwen2.5-1.5B-Instruct,queue_control,top_p_0.8_then_temperature_0.5,C-B-A,0.06885478767516726
